{
  "code": 2000,
  "flag": true,
  "message": "查询成功",
  "data": {
    "total": "@integer(100,200)", // 查询出来的总记录数
    "rows|10": [{ // 返回当前页的记录数 10 条, 即每页显示 10 条记录
      "id|+1": 10,
      "cardNum": "@integer(10000)", //大于1000的正整数
      "name": "@cname",
      "birthday": "@date",
      "phone|11": "@integer(0,9)", // 11个位数字
      "integral": "@integer(0, 500)",
      "money": "@float(0, 100, 1, 3)", // 0-1000小数,1-3位小数位
      "payType|1": ['1', '2', '3', '4'],
      "address": "@county(true)"
    }]
  }
}